{
  "2601.03791": 1.7442,
  "2601.06639": 1.8235,
  "2601.10842": 2.0,
  "2601.17532": 0.0
}